{"errors":[],"warnings":[],"namedChunkGroups":{"app":{"chunks":[8,2],"assets":["webpack-runtime-843818d69ecfcaa2860f.js","webpack-runtime-843818d69ecfcaa2860f.js.map","app-d28d96bd2f1dd6eca7f1.js","app-d28d96bd2f1dd6eca7f1.js.map"],"children":{},"childAssets":{}},"component---src-pages-404-js":{"chunks":[0,1,3],"assets":["0-86b0a0ebe8102b152af7.js","0-86b0a0ebe8102b152af7.js.map","1.9669640c5483811e1c05.css","1-8d2615325dcf56f7b92d.js","1-8d2615325dcf56f7b92d.js.map","component---src-pages-404-js-b63f7ed12f91693924c0.js","component---src-pages-404-js-b63f7ed12f91693924c0.js.map"],"children":{},"childAssets":{}},"component---src-pages-about-js":{"chunks":[0,1,4],"assets":["0-86b0a0ebe8102b152af7.js","0-86b0a0ebe8102b152af7.js.map","1.9669640c5483811e1c05.css","1-8d2615325dcf56f7b92d.js","1-8d2615325dcf56f7b92d.js.map","component---src-pages-about-js-e75765c95e2b067e7f7f.js","component---src-pages-about-js-e75765c95e2b067e7f7f.js.map"],"children":{},"childAssets":{}},"component---src-pages-contact-js":{"chunks":[0,1,5],"assets":["0-86b0a0ebe8102b152af7.js","0-86b0a0ebe8102b152af7.js.map","1.9669640c5483811e1c05.css","1-8d2615325dcf56f7b92d.js","1-8d2615325dcf56f7b92d.js.map","component---src-pages-contact-js-01b9e359c562c547f2e8.js","component---src-pages-contact-js-01b9e359c562c547f2e8.js.map"],"children":{},"childAssets":{}},"component---src-pages-index-js":{"chunks":[0,1,6],"assets":["0-86b0a0ebe8102b152af7.js","0-86b0a0ebe8102b152af7.js.map","1.9669640c5483811e1c05.css","1-8d2615325dcf56f7b92d.js","1-8d2615325dcf56f7b92d.js.map","component---src-pages-index-js-0f30ceebab0a4ce3637d.js","component---src-pages-index-js-0f30ceebab0a4ce3637d.js.map"],"children":{},"childAssets":{}}},"assetsByChunkName":{"app":["webpack-runtime-843818d69ecfcaa2860f.js","app-d28d96bd2f1dd6eca7f1.js"],"component---src-pages-404-js":["0-86b0a0ebe8102b152af7.js","1.9669640c5483811e1c05.css","1-8d2615325dcf56f7b92d.js","component---src-pages-404-js-b63f7ed12f91693924c0.js"],"component---src-pages-about-js":["0-86b0a0ebe8102b152af7.js","1.9669640c5483811e1c05.css","1-8d2615325dcf56f7b92d.js","component---src-pages-about-js-e75765c95e2b067e7f7f.js"],"component---src-pages-contact-js":["0-86b0a0ebe8102b152af7.js","1.9669640c5483811e1c05.css","1-8d2615325dcf56f7b92d.js","component---src-pages-contact-js-01b9e359c562c547f2e8.js"],"component---src-pages-index-js":["0-86b0a0ebe8102b152af7.js","1.9669640c5483811e1c05.css","1-8d2615325dcf56f7b92d.js","component---src-pages-index-js-0f30ceebab0a4ce3637d.js"]}}